"Name","Invert_Elev","MaxDepth","InitDepth","SurDepth","Aponded"
1948,921.687286,0,0,0,0
1956,1020.8785425,0,0,0,0
2196,1005.9296528,9.5,0,0,9.5
2197,1008.4375893,4.5,0,0,4.5
2198,973.8594891,6.9,0,0,6.9
2199,993.0122753,4.2,0,0,4.2
2200,981.5889927,4.4,0,0,4.4
2201,1009.3293587,4.9,0,0,4.9
2202,970.597797,4.4,0,0,4.4
2203,1002.0767647,3.7,0,0,3.7
2204,1001.4480492,3.8,0,0,3.8
2205,1012.4528805,9.3,0,0,9.3
2206,1009.8515602,7.9,0,0,7.9
2207,1011.465633,0,0,0,0
2208,1004.4574677,3.6,0,0,3.6
2209,721.4695126,0,0,0,0
2210,998.8226009,0,0,0,0
2273,1023.6919371,4.4,0,0,4.4
2274,760.6787411,4,0,0,4
2275,1023.559569,4.5,0,0,4.5
2276,1019.8822032,0,0,0,0
2277,1020.4359227,0,0,0,0
2278,1025.1687561,4.3,0,0,4.3
2279,1009.3711086,0,0,0,0
2280,1020.283094,0,0,0,0
2281,1025.7529152,3,0,0,3
2282,1025.4413017,5.4,0,0,5.4
2283,1025.7479441,3.3,0,0,3.3
2284,1022.904147,0,0,0,0
2285,1014.3250567,0,0,0,0
2286,1017.8758083,0,0,0,0
2287,1019.2237826,0,0,0,0
2288,1025.3312672,0,0,0,0
2289,1025.8526513,0,0,0,0
2290,1025.8514662,0,0,0,0
2291,1025.880859,0,0,0,0
2292,1025.8720435,0,0,0,0
2293,1025.868298,0,0,0,0
2294,1025.8687263,0,0,0,0
2295,498.531982,9,0,0,9
2303,881.8221737,0,0,0,0
2561,834.0825497,6.1,0,0,6.1
2562,873.3624111,4.2,0,0,4.2
2563,797.3896786,10.9,0,0,10.9
2564,888.9333187,4,0,0,4
2565,911.7695461,0,0,0,0
2566,904.3969494,0,0,0,0
2567,840.1162106,4.2,0,0,4.2
2568,914.3133236,0,0,0,0
2569,894.0997006,6.9,0,0,6.9
2570,935.4329907,5,0,0,5
2571,931.2266918,4,0,0,4
2572,887.9859158,0,0,0,0
2573,945.5561291,5,0,0,5
2574,942.6946865,5.7,0,0,5.7
2575,925.8878552,0,0,0,0
2576,904.0165707,7.2,0,0,7.2
2577,884.5330349,4.8,0,0,4.8
2634,978.7929951,0,0,0,0
2635,988.5262142,0,0,0,0
2636,983.3718868,3.5,0,0,3.5
2637,993.7881161,0,0,0,0
2638,963.2951237,4.3,0,0,4.3
2639,988.8742634,4.5,0,0,4.5
2640,1004.6629311,0,0,0,0
2641,996.519405,3.9,0,0,3.9
2642,1007.9083515,4.8,0,0,4.8
2643,194.2934567,0,0,0,0
2644,196.6411129,0,0,0,0
2645,223.4179073,0,0,0,0
2646,236.1989742,0,0,0,0
2647,435.7014767,4,0,0,4
2648,304.1402584,0,0,0,0
2649,509.5499874,0,0,0,0
2650,465.2227779,0,0,0,0
2651,470.6231075,7,0,0,7
2653,555.0722652,10,0,0,10
2654,415.3596188,0,0,0,0
2655,407.5706173,0,0,0,0
2656,573.9884945,14,0,0,14
2658,575.7673641,6,0,0,6
2659,644.0899349,0,0,0,0
2660,466.7067867,15,0,0,15
2856,38.7266232000001,0,0,0,0
2866,193.9366451,0,0,0,0
3099,575.2493588,7.4,0,0,7.4
3105,729.5283199,9.6,0,0,9.6
3112,652.8858944,5.9,0,0,5.9
3113,517.9791256,6.6,0,0,6.6
3114,957.2432324,5.6,0,0,5.6
3120,818.1268459,0,0,0,0
3121,850.2147518,0,0,0,0
3224,280.6006466,0,0,0,0
3225,271.9231564,0,0,0,0
3226,246.5052486,0,0,0,0
3227,298.7218624,0,0,0,0
3228,381.1766354,4.6,0,0,4.6
3239,754.9743343,0,0,0,0
3488,763.4047237,0,0,0,0
3489,724.3688046,0,0,0,0
3573,1006.9113709,0,0,0,0
3574,912.3878704,0,0,0,0
4395,412.1974484,0,0,0,0
4396,391.6554562,0,0,0,0
4397,474.1918331,0,0,0,0
4398,454.1404415,0,0,0,0
4399,482.0681149,0,0,0,0
4419,266.1770016,14.2,0,0,14.2
4420,266.5576168,0,0,0,0
4778,137.5143429,11.2,0,0,11.2
4779,33.1748653000001,9,0,0,9
4780,20.9465328000001,4.7,0,0,4.7
5391,789.719833,0,0,0,0
7099,799.1461788,0,0,0,0
7660,994.8144241,4.3,0,0,4.3
7670,1021.0664636,0,0,0,0
7671,1025.4169556,0,0,0,0
7713,839.5657955,8.4,0,0,8.4
7714,891.0837093,0,0,0,0
7715,885.3543392,5,0,0,5
7716,955.0665814,4.3,0,0,4.3
7725,476.8963619,0,0,0,0
7795,772.4619442,0,0,0,0
7802,738.274963,0,0,0,0
7803,715.0886837,0,0,0,0
7806,252.5324703,8.5,0,0,8.5
7807,216.3502804,0,0,0,0
8026,93.9400021000001,0,0,0,0
8634,997.4773289,4.8,0,0,4.8
8635,1000.6970535,3.2,0,0,3.2
8647,718.9010006,0,0,0,0
8648,1025.7679563,3,0,0,3
8649,1015.160647,0,0,0,0
8661,999.0802628,0,0,0,0
8684,944.1595913,0,0,0,0
8685,909.5391613,0,0,0,0
8693,995.8077694,0,0,0,0
8759,775.4122006,3.9,0,0,3.9
8762,169.9535519,7,0,0,7
8771,247.0548702,0,0,0,0
9558,994.2730995,4.6,0,0,4.6
9559,991.2741161,4.5,0,0,4.5
9560,1009.6247555,3.8,0,0,3.8
9572,1021.9825967,3.5,0,0,3.5
9573,1025.8055293,0,0,0,0
9611,898.1970059,5.8,0,0,5.8
9612,817.5711514,4.3,0,0,4.3
9621,223.8994137,0,0,0,0
9622,368.4736935,0,0,0,0
9678,719.4623409,0,0,0,0
9714,755.0700069,0,0,0,0
9888,122.8422848,0,0,0,0
10528,1023.2811044,4.4,0,0,4.4
10529,1025.8727412,0,0,0,0
10530,636.959808,4,0,0,4
10569,917.7463986,0,0,0,0
10570,938.0405422,0,0,0,0
10578,1000.4199959,4,0,0,4
10579,980.3326641,4,0,0,4
10580,327.6355587,0,0,0,0
10581,557.294128,0,0,0,0
10582,557.8081356,10,0,0,10
10630,569.0705257,10.1,0,0,10.1
10643,810.2457729,0,0,0,0
10674,693.4886471,0,0,0,0
11147,581.8152767,0,0,0,0
11448,958.435043,4,0,0,4
11459,1025.8779201,0,0,0,0
11505,964.6145779,5.1,0,0,5.1
11561,374.6867672,10,0,0,10
11563,593.5044857,4.5,0,0,4.5
11564,472.5507809,4.4,0,0,4.4
11574,216.3598629,0,0,0,0
11608,751.25592,0,0,0,0
11720,425.7234493,0,0,0,0
11721,214.5598751,0,0,0,0
12084,1009.5566574,0,0,0,0
12342,1025.4768712,4,0,0,4
12348,917.3413235,0,0,0,0
12349,1001.9117466,0,0,0,0
12374,915.0105282,6.3,0,0,6.3
12375,891.7156979,0,0,0,0
12383,989.8143688,0,0,0,0
12438,1024.0479998,0,0,0,0
12598,339.6327511,0,0,0,0
12990,777.1860348,0,0,0,0
13245,1023.6746002,0,0,0,0
13246,994.5707832,5.1,0,0,5.1
13293,822.7377773,0,0,0,0
13294,893.1582333,0,0,0,0
13295,964.9497334,0,0,0,0
13296,944.5322643,0,0,0,0
13305,1006.9514214,5.8,0,0,5.8
13306,528.4368893,5,0,0,5
13307,574.462463,10,0,0,10
13308,601.261047,0,0,0,0
13309,481.9935909,4.9,0,0,4.9
13349,437.8874508,4.5,0,0,4.5
13358,153.509338,5.6,0,0,5.6
13571,-3.99999862565892e-07,5,0,0,5
14200,993.3640743,4.8,0,0,4.8
14209,1017.7689234,0,0,0,0
14254,906.9815517,0,0,0,0
14255,881.4302059,0,0,0,0
14256,899.7134625,5.8,0,0,5.8
14257,879.4528347,0,0,0,0
14258,964.7587544,0,0,0,0
14268,482.9125973,0,0,0,0
14269,563.3072201,0,0,0,0
14270,432.9976803,0,0,0,0
14326,708.8110653,9.6,0,0,9.6
14328,614.4747311,5.9,0,0,5.9
14340,793.5508114,0,0,0,0
14341,775.627853,0,0,0,0
14343,155.1293331,5.6,0,0,5.6
14352,199.465942,8,0,0,8
14490,348.2657467,0,0,0,0
14863,777.7382961,0,0,0,0
15135,996.620916,0,0,0,0
15136,1000.3449417,3.1,0,0,3.1
15137,1016.1867415,0,0,0,0
15180,886.6051174,0,0,0,0
15181,840.7971493,5,0,0,5
15182,916.8379131,0,0,0,0
15190,241.1722408,0,0,0,0
15191,330.5060421,0,0,0,0
15269,157.207275,7.6,0,0,7.6
15276,213.4637447,0,0,0,0
15452,212.1062618,0,0,0,0
15487,120.8453976,0,0,0,0
15494,122.0329586,0,0,0,0
15752,882.2763821,0,0,0,0
16063,1010.8808561,5.6,0,0,5.6
16064,1013.1285273,2.8,0,0,2.8
16081,1023.2367636,0,0,0,0
16082,1025.8712054,0,0,0,0
16083,881.8954464,0,0,0,0
16090,810.2036129,0,0,0,0
16091,944.8181835,0,0,0,0
16092,1009.3410812,0,0,0,0
16125,965.353603,0,0,0,0
16128,1002.5655342,3.6,0,0,3.6
16129,557.4807125,4,0,0,4
16177,730.8545834,0,0,0,0
16194,771.454681,7.2,0,0,7.2
16195,56.9052120000001,6,0,0,6
16198,340.6773068,0,0,0,0
16205,256.7277828,0,0,0,0
16210,761.6581722,0,0,0,0
16236,747.4009701,0,0,0,0
16237,760.9827572,0,0,0,0
17004,1011.7816673,14.1,0,0,14.1
17007,1008.4831959,0,0,0,0
17008,1024.5370146,0,0,0,0
17009,1024.4604734,0,0,0,0
17022,921.6702725,0,0,0,0
17062,982.7257877,5.3,0,0,5.3
17119,505.2849728,6.7,0,0,6.7
17133,845.8814999,9.9,0,0,9.9
17145,189.6668697,6.6,0,0,6.6
17146,261.4188229,0,0,0,0
17669,803.5988766,0,0,0,0
17671,1007.4266144,0,0,0,0
17672,972.7827717,0,0,0,0
18006,1007.3338314,0,0,0,0
18007,1024.5155096,0,0,0,0
18047,890.1316372,4.8,0,0,4.8
18052,596.7170406,0,0,0,0
18088,471.7470699,8.1,0,0,8.1
18089,926.7058712,0,0,0,0
18099,764.400787,4.7,0,0,4.7
18100,320.3152462,0,0,0,0
18107,237.6799923,5.6,0,0,5.6
18108,176.245483,0,0,0,0
18109,225.2196041,0,0,0,0
18110,312.7985226,0,0,0,0
18111,349.2459103,0,0,0,0
18142,991.5962521,0,0,0,0
18889,954.7849804,3.7,0,0,3.7
18890,1000.0177437,3.4,0,0,3.4
18901,1021.420354,0,0,0,0
18902,1025.8808549,0,0,0,0
18947,954.5241619,4.8,0,0,4.8
18948,963.8671909,5,0,0,5
18959,327.4472042,0,0,0,0
19012,665.2018429,7.3,0,0,7.3
19013,471.7996212,8.2,0,0,8.2
19014,979.7546459,4.2,0,0,4.2
19033,263.4752804,0,0,0,0
19819,1002.9948746,3.6,0,0,3.6
19820,1010.6225067,0,0,0,0
19825,1014.5291573,0,0,0,0
19826,1024.6327121,0,0,0,0
19867,932.9022671,0,0,0,0
19880,981.3364483,8,0,0,8
19881,990.4219738,0,0,0,0
19954,564.4105831,9.4,0,0,9.4
19965,165.1785885,6.8,0,0,6.8
19981,799.5612637,0,0,0,0
20265,809.1912228,0,0,0,0
20484,1011.2275997,0,0,0,0
20513,821.3349911,0,0,0,0
20748,997.0155445,6,0,0,6
20749,1006.1700874,0,0,0,0
20750,1009.7716576,7.9,0,0,7.9
20751,1002.2895084,4.1,0,0,4.1
20762,1025.1963814,4.2,0,0,4.2
20763,1025.4936611,0,0,0,0
20764,1025.8679272,0,0,0,0
20765,498.6306759,7,0,0,7
20773,909.9828259,0,0,0,0
20805,953.1564098,5.3,0,0,5.3
20806,993.3481785,7.5,0,0,7.5
20807,424.2133785,0,0,0,0
20862,438.0674435,9.7,0,0,9.7
20880,165.0540157,5.8,0,0,5.8
20883,831.013702,0,0,0,0
20910,759.2740475,0,0,0,0
21062,50.0632320000001,0,0,0,0
21388,794.9836422,0,0,0,0
21389,832.9334713,0,0,0,0
21638,1010.1098038,4.2,0,0,4.2
21639,1010.2621141,6.5,0,0,6.5
21640,1008.7739616,7.4,0,0,7.4
21641,1006.603994,4.1,0,0,4.1
21693,823.6501461,4,0,0,4
21694,880.7441097,4.1,0,0,4.1
21695,866.4805904,5.5,0,0,5.5
21704,1001.0060764,3.6,0,0,3.6
21769,172.4079586,5.4,0,0,5.4
21774,811.6901547,0,0,0,0
22276,1025.8770513,0,0,0,0
22555,1009.6702019,7.5,0,0,7.5
22556,1014.0968758,14.2,0,0,14.2
22609,772.8104244,5.8,0,0,5.8
22610,938.8347775,0,0,0,0
22611,891.1052548,4.7,0,0,4.7
22612,960.0035854,0,0,0,0
22618,977.1138264,4.3,0,0,4.3
22619,428.573486,0,0,0,0
22620,435.1312862,0,0,0,0
22621,448.3753658,10,0,0,10
22675,817.4748989,0,0,0,0
22689,815.6201168,0,0,0,0
22842,248.7556149,0,0,0,0
22878,222.052734,11.6,0,0,11.6
23469,994.9963337,4.4,0,0,4.4
23482,1022.391611,0,0,0,0
23529,863.4587856,7.5,0,0,7.5
23530,958.7344967,3.6,0,0,3.6
23544,994.1630989,4,0,0,4
23545,1005.9768292,0,0,0,0
23546,494.1334225,8,0,0,8
23611,642.5876766,5.6,0,0,5.6
23612,625.8425289,7.5,0,0,7.5
23625,403.9429318,9.7,0,0,9.7
23650,796.1588131,0,0,0,0
23657,999.6087547,0,0,0,0
25351,592.2474667,8.1,0,0,8.1
25353,1015.6366297,0,0,0,0
25354,1010.2841536,4,0,0,4
25370,1025.0306401,0,0,0,0
25372,857.5359341,0,0,0,0
25418,855.1403957,6.7,0,0,6.7
25419,791.7335812,4.1,0,0,4.1
25420,795.1085049,5,0,0,5
25421,932.5804745,0,0,0,0
25422,943.8712765,0,0,0,0
25430,991.8860203,4.3,0,0,4.3
25491,424.6403194,9.7,0,0,9.7
25499,798.9574123,0,0,0,0
25500,660.8882748,4.6,0,0,4.6
25527,751.936462,0,0,0,0
25816,973.9508129,0,0,0,0
24122,818.6094509,0,0,0,0
24151,797.4932552,0,0,0,0
24423,1013.2654682,0,0,0,0
24438,1007.2096706,0,0,0,0
24463,870.1872707,0,0,0,0
24464,924.0128094,0,0,0,0
24472,992.7801281,4,0,0,4
24473,993.9942833,0,0,0,0
24474,431.9166866,0,0,0,0
24526,735.420837,5.3,0,0,5.3
24527,691.2497555,8.8,0,0,8.8
24540,1025.8692968,0,0,0,0
24542,49.6627804000001,0,0,0,0
24552,287.9293819,0,0,0,0
24582,719.8093258,0,0,0,0
24708,284.7415157,0,0,0,0
26301,992.824329,4.6,0,0,4.6
26314,1024.7199431,3.7,0,0,3.7
26352,895.6260372,5,0,0,5
26353,934.291885,0,0,0,0
26420,831.5899654,0,0,0,0
26436,979.2309948,10,0,0,10
26439,133.4931637,5,0,0,5
26446,186.1181637,7,0,0,7
26447,357.639526,0,0,0,0
26629,35.1448361000001,9,0,0,9
26932,594.350494,0,0,0,0
26968,1021.1744534,0,0,0,0
27219,992.2184826,6,0,0,6
27220,999.9625393,3.8,0,0,3.8
27265,867.1752468,1.3,0,0,1.3
27266,924.6991192,5.3,0,0,5.3
27267,927.4671169,0,0,0,0
27270,978.7899433,6.3,0,0,6.3
27271,190.4061276,0,0,0,0
27272,429.8301998,10,0,0,10
27328,698.6329037,4.5,0,0,4.5
27329,574.1919857,10.5,0,0,10.5
27330,820.164352,0,0,0,0
27331,773.9110256,0,0,0,0
27344,160.5320431,7.6,0,0,7.6
27351,273.1702267,0,0,0,0
27354,794.5581966,0,0,0,0
27584,7.4276119000001,0,0,0,0
27817,1021.6663247,0,0,0,0
27818,825.4251095,0,0,0,0
28120,1023.4463538,0,0,0,0
28121,688.7170101,6,0,0,6
28129,1022.0241946,0,0,0,0
28152,960.4029308,0,0,0,0
28161,535.6360775,5,0,0,5
28162,494.1466061,10.5,0,0,10.5
28215,360.3201901,4.4,0,0,4.4
28216,847.300964,0,0,0,0
28217,804.6268917,0,0,0,0
28257,720.0322872,0,0,0,0
28430,143.8060909,10.6,0,0,10.6
29034,999.7018105,3.8,0,0,3.8
29073,781.0501858,0,0,0,0
29074,935.0484615,0,0,0,0
29075,941.3957668,5,0,0,5
29076,901.0339809,0,0,0,0
29077,917.2674557,0,0,0,0
29079,930.0939327,8,0,0,8
29080,960.8359219,0,0,0,0
29081,965.866737,0,0,0,0
29092,497.9973141,0,0,0,0
29143,376.8439938,7.8,0,0,7.8
29144,366.6263424,4.5,0,0,4.5
29154,271.7427364,9.6,0,0,9.6
29155,142.9273068,5,0,0,5
29295,389.3692623,0,0,0,0
29339,104.1900631,0,0,0,0
29924,992.2057339,5.2,0,0,5.2
29944,955.2088543,0,0,0,0
29972,836.7174831,5.7,0,0,5.7
29973,912.4613567,0,0,0,0
29974,892.2602535,0,0,0,0
29975,848.1635433,0,0,0,0
29976,919.1548763,0,0,0,0
29977,946.1314541,0,0,0,0
29978,966.0430561,5.8,0,0,5.8
29984,977.3439098,4.2,0,0,4.2
29985,904.1242977,0,0,0,0
29986,483.3782345,0,0,0,0
30055,172.6060177,7.6,0,0,7.6
30092,768.5335995,0,0,0,0
30093,765.858337,0,0,0,0
30257,231.2921749,13.6,0,0,13.6
30602,768.7547298,0,0,0,0
30879,1006.1884037,0,0,0,0
30880,998.7532536,5.9,0,0,5.9
30881,1010.3205153,4.1,0,0,4.1
30882,1015.0006195,3.3,0,0,3.3
30889,1024.8959216,6.5,0,0,6.5
30890,1025.5637,4.6,0,0,4.6
30891,1025.8663838,0,0,0,0
30935,889.1568752,4.4,0,0,4.4
30936,916.2033154,5,0,0,5
30946,965.877132,5.8,0,0,5.8
30947,973.9028317,0,0,0,0
31009,797.391296,0,0,0,0
31010,1025.7730619,0,0,0,0
31846,971.4609905,6.5,0,0,6.5
31847,1015.8508659,0,0,0,0
31848,1005.4588371,0,0,0,0
31849,1013.4822489,2.9,0,0,2.9
31856,1022.3243941,0,0,0,0
31857,1017.8500496,0,0,0,0
31902,222.9566036,0,0,0,0
31903,432.2053219,0,0,0,0
31957,579.0195919,5.3,0,0,5.3
31958,552.1606136,11.5,0,0,11.5
31983,829.443832,0,0,0,0
32005,766.7192379,0,0,0,0
32006,686.7951351,0,0,0,0
32431,932.5157238,0,0,0,0
32732,993.8562656,4.5,0,0,4.5
32776,809.8182064,5,0,0,5
32777,952.1106793,5.2,0,0,5.2
32778,936.0642239,0,0,0,0
32784,971.3342701,6.8,0,0,6.8
32785,1001.9776054,3.5,0,0,3.5
32786,335.5261837,0,0,0,0
32787,502.8640743,10,0,0,10
32855,822.5115048,7.9,0,0,7.9
32856,127.8430172,6.2,0,0,6.2
32865,261.6433102,0,0,0,0
32866,385.2260738,0,0,0,0
32898,779.8579556,0,0,0,0
33629,999.5359589,3.8,0,0,3.8
33679,912.613876,0,0,0,0
33680,895.6145931,7.7,0,0,7.7
33681,941.9996105,8.5,0,0,8.5
33682,949.0413586,6.3,0,0,6.3
33683,971.6206089,0,0,0,0
33691,985.7308155,0,0,0,0
33692,386.2781368,0,0,0,0
33693,443.934692,0,0,0,0
33750,767.4859921,0,0,0,0
33758,754.1528011,0,0,0,0
33771,774.7754513,0,0,0,0
34528,837.3969875,0,0,0,0
34619,791.8966366,0,0,0,0
34620,767.5152584,0,0,0,0
34621,924.3537441,0,0,0,0
34622,900.3998104,0,0,0,0
34623,954.0078655,7.4,0,0,7.4
34635,1005.4298435,4,0,0,4
34636,409.1553341,4,0,0,4
34637,483.2376705,5,0,0,5
34638,421.728027,0,0,0,0
34639,466.3937985,6.5,0,0,6.5
34678,1004.9403416,0,0,0,0
34710,814.8767544,3.1,0,0,3.1
34711,813.3343502,0,0,0,0
34712,992.9191509,4.6,0,0,4.6
34727,328.0930782,0,0,0,0
35247,790.5287167,0,0,0,0
35528,1001.584642,4,0,0,4
35529,727.4834896,0,0,0,0
35541,1009.5081936,0,0,0,0
35542,1024.7141236,4.6,0,0,4.6
35543,1019.924656,0,0,0,0
35544,1025.7680737,3,0,0,3
35545,1025.5345076,0,0,0,0
35579,938.469421,0,0,0,0
35587,978.7888294,6.3,0,0,6.3
35588,992.4114758,3.7,0,0,3.7
35589,421.25415,0,0,0,0
35643,392.6712643,4.1,0,0,4.1
35652,185.3558346,9.8,0,0,9.8
35829,352.8514401,0,0,0,0
35869,192.1594235,0,0,0,0
35938,768.8093258,0,0,0,0
36445,1004.7297894,3.6,0,0,3.6
36457,1009.0258976,0,0,0,0
36504,825.6714016,4.1,0,0,4.1
36505,792.6261593,13.2,0,0,13.2
36506,965.9928471,0,0,0,0
36507,947.3453899,0,0,0,0
36513,939.9169842,5.8,0,0,5.8
36514,991.6926151,6,0,0,6
36587,339.0473019,4.4,0,0,4.4
36588,470.2542721,5.8,0,0,5.8
36589,540.3043514,14.5,0,0,14.5
36606,214.3533321,7.4,0,0,7.4
36634,731.010223,0,0,0,0
36749,387.113525,0,0,0,0
36751,260.5728756,0,0,0,0
36949,1024.9387596,0,0,0,0
37398,1021.2638236,0,0,0,0
37412,995.0075413,0,0,0,0
37453,838.8236843,6.3,0,0,6.3
37510,244.2460323,9.6,0,0,9.6
37743,781.735519,0,0,0,0
38272,1017.7661081,0,0,0,0
38273,1007.6744515,0,0,0,0
38274,1013.9040094,0,0,0,0
38280,997.9553619,5,0,0,5
38311,841.1118618,4,0,0,4
38312,890.8814083,5,0,0,5
38313,849.1392361,0,0,0,0
38314,943.2011715,8.5,0,0,8.5
38326,964.8703877,5.3,0,0,5.3
38327,991.8421589,4.4,0,0,4.4
38328,985.3972889,3.5,0,0,3.5
38329,1001.7384087,5.6,0,0,5.6
38330,293.7374264,0,0,0,0
38395,779.8410336,0,0,0,0
38411,790.0478054,0,0,0,0
38430,783.0847469,0,0,0,0
38588,222.7514645,11,0,0,11
39190,536.6988522,0,0,0,0
39197,1006.6105724,0,0,0,0
39224,828.8437496,0,0,0,0
39225,939.9239727,4.3,0,0,4.3
39236,989.7040897,4.3,0,0,4.3
39303,258.4010616,0,0,0,0
39312,272.7809444,0,0,0,0
39313,176.2427975,8.6,0,0,8.6
39460,356.6004635,0,0,0,0
39461,331.8452755,13.2,0,0,13.2
39462,345.3093258,0,0,0,0
40132,906.8177868,4,0,0,4
40133,916.6688992,0,0,0,0
40134,867.6707913,6.5,0,0,6.5
40143,981.665443,0,0,0,0
40144,1001.9890801,4.1,0,0,4.1
40145,997.3302914,4.1,0,0,4.1
40146,564.3959652,4,0,0,4
40222,253.0626217,0,0,0,0
40250,940.0989605,0,0,0,0
40419,261.4535519,11,0,0,11
40420,197.1162106,0,0,0,0
40739,769.0074764,0,0,0,0
41030,1022.8092974,0,0,0,0
41060,881.0252987,0,0,0,0
41061,942.1650158,0,0,0,0
41072,986.3419949,4.6,0,0,4.6
41073,998.4129578,3.5,0,0,3.5
41074,292.5907589,5,0,0,5
41075,301.5117794,0,0,0,0
41136,385.5314938,11.5,0,0,11.5
41143,307.0703121,0,0,0,0
41152,164.5099484,5.6,0,0,5.6
41154,732.9584042,0,0,0,0
41914,993.9880863,4.9,0,0,4.9
41930,1007.2098309,0,0,0,0
41953,784.3696285,5.1,0,0,5.1
41954,912.6283947,4.5,0,0,4.5
41955,867.0201717,5,0,0,5
41956,900.7566296,0,0,0,0
41957,943.6721798,0,0,0,0
41958,943.7477413,5,0,0,5
41959,916.2559277,0,0,0,0
41960,879.663467,6.2,0,0,6.2
41973,209.7763668,0,0,0,0
41974,378.5372921,0,0,0,0
41976,486.8499142,8.6,0,0,8.6
42043,686.0692745,9.5,0,0,9.5
42046,517.3902584,5.1,0,0,5.1
42095,1004.5843292,0,0,0,0
42844,1016.4661642,3,0,0,3
42854,1025.5789025,4.1,0,0,4.1
42866,912.8048931,0,0,0,0
42902,861.4471584,0,0,0,0
42903,896.0715023,0,0,0,0
42904,961.9565121,0,0,0,0
42912,523.7500301,0,0,0,0
42998,121.252441,0,0,0,0
43117,281.7006222,0,0,0,0
43118,277.4197384,0,0,0,0
43119,313.9714962,0,0,0,0
43260,798.1212002,0,0,0,0
43754,961.4838482,0,0,0,0
43755,1010.9178454,5.1,0,0,5.1
43756,997.5869576,0,0,0,0
43757,1017.1368023,0,0,0,0
43765,1025.1241178,4,0,0,4
43766,1025.8807268,0,0,0,0
43767,1025.8803935,0,0,0,0
43769,859.7334133,0,0,0,0
43810,273.2249752,4.5,0,0,4.5
43856,1013.0359016,0,0,0,0
43873,559.359985,4.2,0,0,4.2
43875,657.9309078,5,0,0,5
43889,277.4612423,8.5,0,0,8.5
43897,262.1427609,0,0,0,0
44023,350.0245358,0,0,0,0
44024,346.1780392,0,0,0,0
44655,968.1061169,5.8,0,0,5.8
44656,1010.3868767,5.6,0,0,5.6
44678,1024.4011952,0,0,0,0
44717,973.9028317,7,0,0,7
44718,377.7816769,0,0,0,0
44719,554.069183,0,0,0,0
44795,112.521484,0,0,0,0
44796,336.6356808,0,0,0,0
44799,723.7870174,0,0,0,0
44800,798.5702053,0,0,0,0
45015,102.7688595,6,0,0,6
45146,966.0326038,0,0,0,0
45578,992.9743,4.6,0,0,4.6
45579,1000.2793099,0,0,0,0
45587,1021.724351,0,0,0,0
45588,1009.7362896,0,0,0,0
45589,507.8359371,6,0,0,6
45628,875.5738522,0,0,0,0
45638,987.9835201,0,0,0,0
45639,244.2462154,0,0,0,0
45640,286.5347897,0,0,0,0
45641,358.2775265,0,0,0,0
45703,577.0503841,9.4,0,0,9.4
45704,309.5703732,0,0,0,0
45713,120.9290768,5.6,0,0,5.6
45715,361.6977535,0,0,0,0
45717,747.4848629,0,0,0,0
45745,1025.7590867,0,0,0,0
46467,1008.398296,4.4,0,0,4.4
46468,1003.9553658,4.1,0,0,4.1
46477,1025.3055823,4.6,0,0,4.6
46478,1025.5364237,9.2,0,0,9.2
46479,1025.3987459,0,0,0,0
46513,847.7821346,8.5,0,0,8.5
46514,912.0159603,5,0,0,5
46515,907.8454586,0,0,0,0
46516,951.940704,0,0,0,0
46517,941.4474636,0,0,0,0
46532,962.1358524,6,0,0,6
46533,976.2139011,4.8,0,0,4.8
46534,569.1257626,6,0,0,6
46590,528.9020077,5.7,0,0,5.7
46591,462.5565792,5.6,0,0,5.6
46595,813.5837856,0,0,0,0
46606,1025.0177006,0,0,0,0
46619,203.7751461,7.8,0,0,7.8
46620,227.7019039,5,0,0,5
46621,164.9501949,4,0,0,4
46771,219.5947872,0,0,0,0
47148,809.7905727,0,0,0,0
47426,1008.4261166,0,0,0,0
47469,912.4490353,0,0,0,0
47476,347.432983,7.2,0,0,7.2
47515,1024.70168,0,0,0,0
47528,675.5980221,10.9,0,0,10.9
47537,180.6636349,0,0,0,0
47569,725.9576107,0,0,0,0
47744,125.8765865,0,0,0,0
47745,79.3783566000001,7,0,0,7
47746,179.1885372,0,0,0,0
48341,992.2501637,6.7,0,0,6.7
48342,1017.7361513,0,0,0,0
48347,1025.3048171,6.1,0,0,6.1
48348,1014.9864241,0,0,0,0
48394,877.194305,4.4,0,0,4.4
48395,819.4144741,5.1,0,0,5.1
48396,956.3297878,4.3,0,0,4.3
48404,974.2912365,7.1,0,0,7.1
48405,933.0733791,5.2,0,0,5.2
48406,489.6076046,0,0,0,0
48465,970.0368153,10.8,0,0,10.8
48473,173.4442135,6,0,0,6
48614,336.4304195,0,0,0,0
48968,954.3301693,0,0,0,0
49223,992.2500759,5.9,0,0,5.9
49231,1025.8503177,0,0,0,0
49270,829.2066799,5.8,0,0,5.8
49271,809.3951412,5,0,0,5
49272,914.3198162,4,0,0,4
49343,814.4170834,0,0,0,0
49364,244.4978024,0,0,0,0
49390,755.9773861,0,0,0,0
49508,374.6286007,0,0,0,0
49564,145.50415,0,0,0,0
50186,1023.6304353,0,0,0,0
50187,1025.7853698,0,0,0,0
50190,835.8567349,0,0,0,0
50229,843.6792599,6.5,0,0,6.5
50230,777.2590939,4.7,0,0,4.7
50231,780.89772,5,0,0,5
50232,930.6567913,0,0,0,0
50233,937.8201748,8.3,0,0,8.3
50234,941.7722622,4.3,0,0,4.3
50235,946.1639858,7.4,0,0,7.4
50236,961.3225094,5.3,0,0,5.3
50247,1001.033136,6.1,0,0,6.1
50248,478.1928707,0,0,0,0
50249,369.1852413,0,0,0,0
50322,128.5316769,5,0,0,5
50323,90.3267819000001,5.6,0,0,5.6
50333,223.6133419,4.6,0,0,4.6
50337,688.1027218,0,0,0,0
50356,733.510284,0,0,0,0
50357,689.9660641,0,0,0,0
50374,990.9794956,0,0,0,0
50471,448.8207394,0,0,0,0
50629,974.2465664,0,0,0,0
51081,991.0773693,4,0,0,4
51082,1014.138476,0,0,0,0
51090,1025.8808157,0,0,0,0
51129,939.132774,5,0,0,5
51140,964.3386112,9,0,0,9
51141,367.94165,4.6,0,0,4.6
51204,778.5310207,0,0,0,0
51228,174.208923,5,0,0,5
51375,237.5257565,0,0,0,0
51447,78.1301876000001,9.6,0,0,9.6
51448,91.3856197000001,0,0,0,0
51752,813.5557095,0,0,0,0
52075,994.3752171,4.7,0,0,4.7
52076,1000.4566017,3.9,0,0,3.9
52082,1024.5772619,0,0,0,0
52128,808.2306515,4,0,0,4
52129,934.8516689,0,0,0,0
52130,966.9636952,7.7,0,0,7.7
52141,936.1368786,4.5,0,0,4.5
52142,995.9509789,3.9,0,0,3.9
52143,267.4723507,0,0,0,0
52221,198.4252926,6.6,0,0,6.6
52424,784.2047268,0,0,0,0
52745,789.7904965,0,0,0,0
52746,787.3917538,0,0,0,0
52989,997.4313236,5.6,0,0,5.6
52990,1013.4402147,14.6,0,0,14.6
52996,730.540588,10,0,0,10
52998,713.9607235,0,0,0,0
53049,793.0090481,9.7,0,0,9.7
53050,895.0076901,0,0,0,0
53051,958.0706554,0,0,0,0
53052,948.5335003,0,0,0,0
53063,928.1726605,5.2,0,0,5.2
53064,971.8146816,7.3,0,0,7.3
53065,970.6528507,4,0,0,4
53122,692.1398312,12.5,0,0,12.5
53132,765.215057,0,0,0,0
53133,1025.8208727,0,0,0,0
53147,289.6905514,0,0,0,0
53274,279.8107906,0,0,0,0
53393,772.014465,0,0,0,0
53916,948.6116558,5.1,0,0,5.1
53917,984.8331753,8.3,0,0,8.3
53969,525.7950741,7.5,0,0,7.5
53970,743.1426388,0,0,0,0
53977,125.4738155,5,0,0,5
54172,226.1956783,11,0,0,11
54468,906.5405575,0,0,0,0
54757,1011.1465031,9.3,0,0,9.3
54778,980.8844791,0,0,0,0
54779,1001.4225117,0,0,0,0
54803,958.6610714,3.6,0,0,3.6
54804,924.8883129,0,0,0,0
54815,948.1519848,0,0,0,0
54869,785.0903927,0,0,0,0
54877,3.73944050000011,0,0,0,0
54921,699.2563473,0,0,0,0
55040,419.3319088,0,0,0,0
55386,1009.920178,0,0,0,0
55703,994.7008949,4.5,0,0,4.5
55704,926.5970989,3.5,0,0,3.5
55705,1016.5829454,0,0,0,0
55706,1018.5493885,0,0,0,0
55716,1024.8858489,6.3,0,0,6.3
55717,1025.772099,4.8,0,0,4.8
55718,1021.7643753,0,0,0,0
55719,1025.8645296,0,0,0,0
55727,803.8802181,0,0,0,0
55756,911.8157574,0,0,0,0
55757,948.6335064,0,0,0,0
55758,923.5938641,4.5,0,0,4.5
55819,404.3898922,8.5,0,0,8.5
55820,669.9184567,9,0,0,9
55821,777.2736202,0,0,0,0
55822,847.5628353,0,0,0,0
55837,651.6889034,0,0,0,0
55838,967.5869824,3.1,0,0,3.1
55993,149.7118527,10.6,0,0,10.6
55994,118.6868893,8.3,0,0,8.3
55995,34.0310055000001,0,0,0,0
56574,1017.4976612,3.6,0,0,3.6
56585,1019.5805946,0,0,0,0
56624,881.6512295,7.6,0,0,7.6
56625,893.234222,0,0,0,0
56626,944.0445934,5,0,0,5
56627,948.4617153,0,0,0,0
56628,869.7722775,7.8,0,0,7.8
56638,963.3914791,6.1,0,0,6.1
56639,1007.5756355,4.6,0,0,4.6
56640,328.8319698,0,0,0,0
56701,834.9072109,10,0,0,10
56721,281.0756222,0,0,0,0
56722,169.807861,5.4,0,0,5.4
56998,809.9867703,0,0,0,0
57492,980.2717091,5.2,0,0,5.2
57504,1020.2976705,0,0,0,0
57505,1023.9978245,0,0,0,0
57506,1015.0402371,0,0,0,0
57518,930.0585323,0,0,0,0
57545,895.21759,6.7,0,0,6.7
57546,956.1105496,0,0,0,0
57547,964.4261662,0,0,0,0
57557,1001.3219219,4.5,0,0,4.5
57616,919.83036,0,0,0,0
57622,124.9528194,5,0,0,5
57626,264.4570919,0,0,0,0
57627,268.4284664,0,0,0,0
57628,171.3490597,6.6,0,0,6.6
57648,700.7733456,0,0,0,0
57649,707.0466915,0,0,0,0
57775,344.5554806,0,0,0,0
58419,995.3141457,4.4,0,0,4.4
58420,1008.3859154,6.2,0,0,6.2
58421,1010.4985395,3.7,0,0,3.7
58431,1022.8913659,5.4,0,0,5.4
58432,1024.6900681,0,0,0,0
58433,1022.0655957,0,0,0,0
58434,1025.3775821,0,0,0,0
58435,649.3538509,5,0,0,5
58448,1005.2572552,0,0,0,0
58475,934.1894222,0,0,0,0
58482,404.837524,9,0,0,9
58483,362.1874996,0,0,0,0
58542,836.0767513,0,0,0,0
58547,945.7722241,11.2,0,0,11.2
58562,191.0654293,8,0,0,8
58563,227.6762081,0,0,0,0
58565,747.8577877,0,0,0,0
58764,85.8362423000001,0,0,0,0
58765,248.1817013,9.4,0,0,9.4
59089,1010.9334417,0,0,0,0
59090,648.9848324,0,0,0,0
61448,1021.4563814,0,0,0,0
61449,1020.9651733,0,0,0,0
190506,885.0754696,0,0,0,0
190507,912.7105633,0,0,0,0
190508,910.8934017,0,0,0,0
